2010-10-12 20:28:57,40.753687,-73.969432,Omg love Kurt's duet idea! #glee
2010-10-12 20:50:16,40.755033,-73.971489,Lmao Finn gives a thumbs up #glee
2010-10-12 20:59:32,40.755033,-73.971489,When's Kurt boyfriend doing up? Everyone is a couple! #glee
2010-10-12 20:59:46,40.755033,-73.971489,Going to show up*
2010-10-12 21:01:23,40.755033,-73.971489,Yes rocky horror episode next! #glee
2010-10-12 22:11:08,40.755033,-73.971489,Oh gosh its that time again.. delivery night for the pledges. So I get a random phone call from college boys...
2010-10-13 14:16:08,40.752116,-73.987520,I'm at Subway Restaurant - 37th And Broadway (1369 Broadway, W 37th St, New York). http://4sq.com/9suf6q
2010-10-13 14:17:10,40.751651,-73.987810,Lunch with anisa
2010-10-13 21:00:26,40.755033,-73.971489,#modernfamily
2010-10-13 21:08:04,40.755033,-73.971489,@brokeinthecity haha yeah.. I love double finger rings but I'm worried 3 might be too restrictive. We'll see!
2010-10-13 21:28:02,40.755033,-73.971489,They asked me to Phil in #modernfamily lmao
2010-10-13 21:59:01,40.755033,-73.971489,Jersey shore episode of #southpark!
2010-10-13 22:05:39,40.755033,-73.971489,Never invite a jersey housewife into your home #southpark lmao
2010-10-13 22:06:50,40.755033,-73.971489,@FabKimberly enjoy nyc :)
2010-10-13 22:09:44,40.755033,-73.971489,You wouldn't understand, its a jersey thing #southpark
2010-10-13 22:12:31,40.755033,-73.971489,You can take the fetus out of jersey, but you can't take the jersey out of the fetus #southpark
2010-10-13 22:13:23,40.755033,-73.971489,@allyinwondrland it is the best episode!!! #southpark (I'm a jersey girl :p)
2010-10-13 22:18:38,40.755033,-73.971489,@fashionxcourt hey jersey girl you watching south park? :p
2010-10-13 22:20:16,40.755033,-73.971489,The snooki is famous? Why?... I don't know! #southpark
2010-10-13 22:22:47,40.755033,-73.971489,Oh man #southpark is killing me...
2010-10-13 22:25:19,40.755033,-73.971489,@CeceBrown when r we going to do midtown things? :)
2010-10-14 16:07:47,40.755033,-73.971489,Obama better answer questions quicker if there's only an hour #conversationwithpresident
2010-10-14 16:12:07,40.755033,-73.971489,Obama is so well spoken... warms my heart :)
2010-10-14 16:12:56,40.755033,-73.971489,@GlobalGrind lmao where's the guy in the red bow tie?
2010-10-14 16:15:01,40.755033,-73.971489,Oh a #domesticviolence victim asking about education #conversationwithpresident
2010-10-14 16:15:30,40.755033,-73.971489,@GlobalGrind Omg yes! It's huge!
2010-10-14 16:20:11,40.755033,-73.971489,Cyber bullying question for #Obama... liking these questions
2010-10-14 16:25:29,40.755033,-73.971489,The map in the background is confusing me #conversationwithobama
2010-10-14 16:27:18,40.755033,-73.971489,Obama says being gay isn't a choice! Woo! #lgbt
2010-10-14 16:32:07,40.755033,-73.971489,Why are some people in jeans and t-shirts? Dress up for the president #conversationwithobama
2010-10-14 16:33:32,40.755033,-73.971489,Oh gosh #Obama don't support the tea party...
2010-10-15 14:37:33,40.754360,-73.970461,#beatcancer
2010-10-15 16:41:48,40.755033,-73.971489,@fashionxcourt don't rub it in! Haha u still have to get me a date : p
2010-10-15 20:08:40,40.755033,-73.971489,Omg there was a mouse running around my kitchen!!!!!!
2010-10-15 20:29:20,40.755033,-73.971489,C'mon cc... fight thru 2 more batters #yankees
2010-10-15 20:32:10,40.755033,-73.971489,Alright one more batter cc #yankees
2010-10-15 20:33:16,40.755033,-73.971489,Oh fuck come on one more out cc! #yankees
2010-10-15 20:34:44,40.755033,-73.971489,Wow interesting out there sabathia #yankees
2010-10-15 20:39:51,40.755033,-73.971489,Whoa what a catch... I hate you #rangers
2010-10-15 20:41:16,40.755033,-73.971489,Fucking Dammit c'mon #Yankees
2010-10-15 20:46:32,40.755033,-73.971489,@LoveBrownSugar how many followers did you get?
2010-10-15 20:50:21,40.755033,-73.971489,@jessweingarten haha great tweet
2010-10-15 20:52:53,40.755033,-73.971489,Ok let's get some runs on the board #Yankees
2010-10-15 20:54:22,40.755033,-73.971489,Woo first hit for the #yankees... and um did the announcer just say a-hole????
2010-10-15 20:57:46,40.755033,-73.971489,Walk for Gardner! Alright boys lets bring them home! #yankees
2010-10-15 21:00:43,40.755033,-73.971489,This is such a frustrating game! #yankees
2010-10-15 21:02:28,40.755033,-73.971489,@faythjonez haha are you watching the game? #yankees bffs!
2010-10-15 21:05:40,40.755033,-73.971489,I just asked my friend if it looks like a baby mouse does that mean the mom is not far behind. He says they have no family values lmao
2010-10-15 21:10:04,40.755033,-73.971489,@faythjonez haha Michael Kay is not comforting! This game is hard to watch :( cc needs to get it together! #yankees
2010-10-15 21:17:32,40.755033,-73.971489,@fashionxcourt r u singing justin bieber.......?
2010-10-15 21:24:56,40.755033,-73.971489,We need runs #yankees....
2010-10-15 21:25:56,40.755033,-73.971489,@Quelindaglam looks like it! :p
2010-10-15 21:27:30,40.755033,-73.971489,This is a bizarre Virgin airlines commercial
2010-10-15 21:28:06,40.755033,-73.971489,@vogueandcoffee haha seriously!!!
2010-10-15 21:29:58,40.755033,-73.971489,Girardi's braces are so distracting #justsaying
2010-10-15 21:36:43,40.755033,-73.971489,Michael young's blue gloves are super lame #rangers vs #yankees
2010-10-15 21:37:22,40.755033,-73.971489,Oh fuck swisher missed the catch and the rangers score 2 runs :(
2010-10-15 21:39:36,40.755033,-73.971489,Jobbaaaa! :) #yankees
2010-10-15 21:41:55,40.755033,-73.971489,Hamilton strikes out looking... fuck yeah!!!! #yankees
2010-10-15 21:50:40,40.755033,-73.971489,@fashionxcourt oh thank goodness :p
2010-10-15 21:51:36,40.755033,-73.971489,@fashionxcourt 5-0 rangers :/
2010-10-15 21:56:54,40.755033,-73.971489,My boy joba is pitching!!!! Woo! #yankees
2010-10-15 21:57:23,40.755033,-73.971489,@fashionxcourt are u speechless? Haha
2010-10-15 22:12:00,40.755033,-73.971489,@fashionxcourt yeah lucky ur not watching. But I did get to see joba pitch :)
2010-10-15 22:18:03,40.755033,-73.971489,What?! joba gets one inning?! C'Mon #yankees
2010-10-15 22:48:16,40.755033,-73.971489,Woo #yankees rallying in the 8th!
2010-10-15 22:55:09,40.755033,-73.971489,Did someone bring a vuvuzela to the rangers?
2010-10-15 23:01:28,40.755033,-73.971489,Just like that #yankees are down by one run woo!
2010-10-15 23:05:06,40.755033,-73.971489,Tied up baby! #yankees
2010-10-15 23:05:46,40.755033,-73.971489,@FrankDymond lmao they could use him
2010-10-15 23:09:12,40.755033,-73.971489,@RobzTX1 woo!
2010-10-15 23:11:21,40.755033,-73.971489,Yankees have the lead!!!!
2010-10-15 23:13:01,40.754360,-73.970461,The rangers owner's face was priceless! Haha
2010-10-15 23:18:25,40.755033,-73.971489,That rangers pitcher looks 12....
2010-10-15 23:19:41,40.755033,-73.971489,@TPhillipsMusic haha suck it!!!! #goyankees
2010-10-15 23:20:00,40.755033,-73.971489,@RobzTX1 high five :) #yankees
2010-10-15 23:20:48,40.755033,-73.971489,@RobzTX1 love sister Christian... even tho he didn't ask me haha
2010-10-15 23:21:20,40.755033,-73.971489,The 8th inning is finally over and #yankees now lead :)
2010-10-15 23:22:28,40.755033,-73.971489,@midtowngirl hey lady! How r u? Feel like I haven't talked to you in so long :(
2010-10-15 23:23:07,40.755033,-73.971489,@TPhillipsMusic Eww I don't follow lakers fans
2010-10-15 23:24:10,40.754360,-73.970461,@raymondsmalley lmao ur obsessed with the chalupa #imnotgay
2010-10-15 23:25:01,40.755033,-73.971489,@fashionxcourt I dunno... doesn't like u?
2010-10-15 23:28:30,40.755033,-73.971489,Girl observation of the night: nelson Cruz has amazing skin! He looks like he has makeup on. #rangers vs #yankees
2010-10-15 23:30:06,40.755033,-73.971489,@fashionxcourt what did u end up doing with ur bff?
2010-10-15 23:30:57,40.755033,-73.971489,@midtowngirl glad to have u back :) I'm enjoying the yankees game right now
2010-10-15 23:31:23,40.755033,-73.971489,@RobzTX1 I don't trust people who don't like 80s music
2010-10-15 23:35:51,40.755033,-73.971489,@midtowngirl they r leading in the 9th in the American league championship series :)
2010-10-15 23:36:43,40.755033,-73.971489,@Politicista what did u think of mtv's conversation with Obama?
2010-10-15 23:40:51,40.755033,-73.971489,@midtowngirl yeah they were down 5-0 so I was ready to turn it off hehe how have u been?
2010-10-15 23:43:30,40.755033,-73.971489,@midtowngirl ooh sounds fun! Can't wait :)
2010-10-15 23:43:45,40.755033,-73.971489,@fashionxcourt haha jersey mall :p
2010-10-15 23:45:42,40.755033,-73.971489,Bringing in mo to shut it down! #yankees
2010-10-15 23:46:37,40.754360,-73.970461,@fashionxcourt did you buy aquanet? Lmao
2010-10-15 23:47:25,40.754360,-73.970461,@raymondsmalley did u like their shadow shot of mo? Lmao so artistic tbs
2010-10-15 23:50:31,40.755033,-73.971489,@fashionxcourt u have to watch south park so I can say "its a jersey thing" and we can share a laugh :p
2010-10-15 23:50:52,40.755033,-73.971489,Oh boy not looking good for mo :/ #yankees
2010-10-15 23:54:45,40.755033,-73.971489,Andrus has quite the jheri curl
2010-10-15 23:55:36,40.755033,-73.971489,@fashionxcourt ok well just amuse me when I say it ;)
2010-10-15 23:56:03,40.755033,-73.971489,@raymondsmalley did u get a lot done today?
2010-10-15 23:57:12,40.755033,-73.971489,One more out!!! #Yankees
2010-10-15 23:57:58,40.755033,-73.971489,@fashionxcourt its a jersey thing ;) lmao
2010-10-16 00:06:02,40.755033,-73.971489,@TPhillipsMusic haha they play at least 2 more
2010-10-16 00:06:26,40.755033,-73.971489,@fashionxcourt haha yes :)
2010-10-16 00:06:55,40.755033,-73.971489,Going to sleep in my yankees t-shirt :)
2010-10-16 12:06:48,40.755033,-73.971489,@WGsShoeCloset oh how fun! Take lots of pics :)
2010-10-16 16:00:56,40.755033,-73.971489,Lets go #yankees!!
2010-10-16 16:06:58,40.755033,-73.971489,Really don't need a report on shadows tbs
2010-10-16 16:14:43,40.755033,-73.971489,Phil Hughes needs a haircut #yankees
2010-10-16 16:28:55,40.755033,-73.971489,I can't believe they stole a run! Fuck! #yankees
2010-10-16 16:49:07,40.755033,-73.971489,Clearly rangers fans forgot how last night's game went last night...
2010-10-16 16:50:22,40.755033,-73.971489,@faythjonez it was such a cheap run! Lmao is he going for a mohawk/mullet type thing?
2010-10-16 16:53:06,40.755033,-73.971489,@fashionxcourt lmao u and ur slurpees
2010-10-16 16:54:02,40.755033,-73.971489,@faythjonez haha I hate facial hair so we r opposite :p
2010-10-16 16:54:54,40.755033,-73.971489,@fashionxcourt isn't it a bit cold for that?
2010-10-16 16:58:16,40.754128,-73.970028,@fashionxcourt now its cold enough for my addiction... hot coco!!!
2010-10-16 17:09:09,40.755033,-73.971489,@faythjonez haha! Great :)
2010-10-16 18:08:44,40.755033,-73.971489,Joba!!! #yankees
2010-10-16 18:09:21,40.755033,-73.971489,@fashionxcourt its a jersey thing ;)
2010-10-16 20:07:25,40.755011,-73.968593,@fashionxcourt ugh maybe you shouldn't watch next game :p
2010-10-16 20:28:51,40.764300,-73.985500,I'm at Swizz Restaurant & Wine Bar (310 W 53rd St, 8th Ave, New York). http://4sq.com/4EktA4
2010-10-16 20:32:46,40.763294,-73.984425,Lovely date with @biancaelder
2010-10-16 21:26:26,40.763268,-73.983848,Mmm chocolate fondue http://twitpic.com/2y9ttb
2010-10-17 00:37:42,40.755033,-73.971489,I'm so nosey when I hear people fighting out my window ;p
2010-10-17 10:23:29,40.754360,-73.970461,@charitychicks thanks so much for RTing!!! You are the best :)
2010-10-17 12:35:38,40.755033,-73.971489,My awesome Halloween cupcakes... I got skills! http://twitpic.com/2yhw4d
2010-10-17 12:49:42,40.755033,-73.971489,@RobzTX1 thank you, thank you :)
2010-10-17 13:07:11,40.755033,-73.971489,@PissedFromNJ haha well that's the game I'm watching
2010-10-17 13:08:57,40.755033,-73.971489,That was not a good first drive #giants
2010-10-17 13:09:27,40.755033,-73.971489,*face palm* dodge is an idiot #giants
2010-10-17 13:10:35,40.752758,-73.967700,Bring back feagles!!! #giants
2010-10-17 13:11:16,40.755033,-73.971489,@PissedFromNJ such a multi-tasker ;)
2010-10-17 13:25:46,40.755033,-73.971489,Yey we got the punt off this time! #giants
2010-10-17 13:34:56,40.755033,-73.971489,Woo touchdown #giants!
2010-10-17 13:50:01,40.755033,-73.971489,@watermoolen did you get the nail stickers? I used them this weekend!
2010-10-17 13:54:18,40.755033,-73.971489,They're making a world of warcraft movie??? #ohnotheydidnt
2010-10-17 13:58:55,40.755033,-73.971489,@PissedFromNJ are you a pats fan??
2010-10-17 14:02:46,40.755033,-73.971489,Bradshaw is a beast during this drive! #giants
2010-10-17 14:03:49,40.755033,-73.971489,@PissedFromNJ love peyton! Wanna make little Peyton babies :p
2010-10-17 14:04:53,40.755033,-73.971489,Touchdown manningham! #giants
2010-10-17 15:19:39,40.755033,-73.971489,Oh dammit....#giants
2010-10-17 16:35:05,40.754128,-73.970028,If I have kids I'm seriously naming my kid DaBrickashaw... best name ever! #jets
2010-10-17 16:40:53,40.753895,-73.969594,Lmao the chargers lost to the rams #sad
2010-10-17 16:42:56,40.752758,-73.967700,@fashionxcourt with loverboy? ;)
2010-10-17 16:43:55,40.755033,-73.971489,Woo touchdown #jets!!!
2010-10-17 16:44:49,40.753895,-73.969594,@fashionxcourt haha lame :p I totally wanna rub the jets touchdown in @fakegui's face!
2010-10-17 16:52:57,40.755033,-73.971489,@RBRW thank you for RTing!
2010-10-17 16:53:41,40.755033,-73.971489,@raymondsmalley lmao they jus said revis island #jets
2010-10-17 16:54:17,40.755033,-73.971489,Ah crap broncos just scored :(
2010-10-17 16:57:48,40.755033,-73.971489,What the heck just happened??? #jets
2010-10-17 17:00:10,40.755033,-73.971489,@CaseyGraham what area are you around? I love little Italy by mulberry st. Or blockheads Mexican food on 3rd ave
2010-10-17 17:06:44,40.755033,-73.971489,Braylon Edwards is a mad man! #jets
2010-10-17 17:09:05,40.755033,-73.971489,I really want the refs pink whistle :) #breastcancer #NFL
2010-10-17 17:10:55,40.755033,-73.971489,Are you kidding me??? Champ Bailey paid these refs! #jets
2010-10-17 17:14:44,40.755033,-73.971489,This would be such an intense game to watch with giuseppe. I a #jets fan, he a #broncos fan :p
2010-10-17 17:19:20,40.755033,-73.971489,2 minute warning... hope the #jets score before the half!
2010-10-17 17:24:00,40.755033,-73.971489,Fuck! Sanchez intercepted in the red zone again.. Nooo!!! #jets
2010-10-17 17:26:10,40.755033,-73.971489,Do not score Denver!
2010-10-17 17:29:00,40.755033,-73.971489,Woo revis all over that! #jets
2010-10-17 17:29:48,40.755033,-73.971489,Omg he made that 60 yard field goal... ok I'll give him props #broncos
2010-10-17 17:32:44,40.755033,-73.971489,Half time = time to eat!
2010-10-17 17:52:15,40.754360,-73.970461,@CaseyGraham have fun in the city!
2010-10-17 20:30:19,40.755033,-73.971489,Woo sexy peyton stretching :) #colts
2010-10-17 20:31:20,40.755033,-73.971489,@PissedFromNJ lmao true the faith hill intro makes me think Monday night #kimfail
2010-10-17 20:35:11,40.755033,-73.971489,Peyton taking a page from eli's playbook with a near interception #colts
2010-10-17 20:42:55,40.755033,-73.971489,Woo colts get the ball back!
2010-10-17 20:43:57,40.755033,-73.971489,That's how peyton does it! Boo yay! #colts
2010-10-17 20:49:18,40.755033,-73.971489,Hello dwight freeney ;) #colts
2010-10-17 21:56:46,40.755033,-73.971489,Halftime.... up next #madmen finale
2010-10-17 22:11:02,40.755033,-73.971489,Oh snap Carla got fired #madmen
2010-10-17 22:19:21,40.755033,-73.971489,California for the drapers #madmen
2010-10-17 22:22:04,40.755033,-73.971489,Aww did Anna die? #madmen
2010-10-17 22:25:24,40.755033,-73.971489,Aww the baby is so cute #madmen
2010-10-17 22:31:20,40.755033,-73.971489,Oh don... up to his old tricks #madmen
2010-10-17 22:31:51,40.755033,-73.971489,@allyinwondrland I hate betty this season! #madmen
2010-10-17 22:32:42,40.755033,-73.971489,@thefatandskinny yeah but I didn't know so soon and I thought don would've heard :(
2010-10-17 22:33:21,40.755033,-73.971489,Betty crying in a beautiful dress... so sad #madmen
2010-10-17 22:34:27,40.755033,-73.971489,Don's secretary reminds me of Anne hathaway #madmen
2010-10-17 22:36:07,40.755033,-73.971489,Way to get Peggy's name wrong ass #madmen
2010-10-17 22:37:06,40.755033,-73.971489,@thefatandskinny yeah I know that but I thought he'd get a letter of her passing...
2010-10-17 22:40:09,40.755033,-73.971489,@thefatandskinny what? I missed that
2010-10-17 22:41:56,40.755033,-73.971489,@allyinwondrland haha she is beautiful! But a horrible mom
2010-10-17 22:43:03,40.755033,-73.971489,Nooo! Don't give her that ring don!!!!
2010-10-17 22:43:43,40.755033,-73.971489,@vogueandcoffee @thefatandskinny sooo wrong!!!!
2010-10-17 22:44:05,40.755033,-73.971489,@allyinwondrland its a nightmare!!!!
2010-10-17 22:45:27,40.755033,-73.971489,I was literally going to throw my remote at the tv as if that was going to stop him! #madmen
2010-10-17 22:46:06,40.755033,-73.971489,Who is that? Pete lmao #madmen exactly
2010-10-17 22:46:50,40.755033,-73.971489,Peggy looks cute #madmen
2010-10-17 22:48:04,40.755033,-73.971489,The steaming glare of a woman lmao #madmen
2010-10-17 22:48:25,40.755033,-73.971489,@allyinwondrland haha yes it will!
2010-10-17 22:49:02,40.755033,-73.971489,Sorry French Anne hathaway don isn't going to be loyal to you #madmen
2010-10-17 22:50:15,40.755033,-73.971489,That's bullshit ahh I love Peggy #madmen
2010-10-17 22:54:35,40.755033,-73.971489,Joanie is pregnant?! Omg too many bombs #madmen
2010-10-17 22:59:18,40.755033,-73.971489,It can't be over Nooo!!! #madmen
2010-10-17 22:59:56,40.755033,-73.971489,@vogueandcoffee she handled it pretty well
2010-10-17 23:01:56,40.755033,-73.971489,John hamm is so damn sexy #madmen
2010-10-17 23:11:09,40.754584,-73.970803,@vogueandcoffee yes but was she saying she wants him back?
2010-10-17 23:11:29,40.753826,-73.969540,@RobzTX1 man I'm still trying to catch my breath!
2010-10-17 23:14:24,40.753895,-73.969594,@vogueandcoffee yeah but Omg what is going to happen when his blonde gf comes back?!
2010-10-17 23:16:38,40.753895,-73.969594,Um where was the coverage #colts?
2010-10-17 23:17:08,40.755033,-73.971489,@vogueandcoffee hehe oh boy so much to digest!
2010-10-17 23:23:43,40.755033,-73.971489,@faythjonez very cute!
2010-10-17 23:24:55,40.755033,-73.971489,@watermoolen I got a red, dark brown and gold glitter! Hehe have fun :)
2010-10-17 23:25:26,40.755033,-73.971489,@fashionxcourt its a jersey thing ;)
2010-10-17 23:26:33,40.755033,-73.971489,Colts defense coming through!
2010-10-17 23:28:10,40.755033,-73.971489,Redskins get shut out... now peyton just needs to kill the clock #colts
2010-10-17 23:31:35,40.755033,-73.971489,His parents made him a fake id at 5 years old? Wtf! #redskins
2010-10-17 23:32:50,40.753687,-73.969432,@faythjonez oh yey hehe I'll check it in the morning!
2010-10-17 23:34:15,40.754360,-73.970461,Nice! One handed interception! #colts
2010-10-17 23:35:41,40.755033,-73.971489,Colts win :)
2010-10-17 23:36:03,40.755033,-73.971489,@FabKimberly *high five*
2010-10-17 23:38:43,40.755033,-73.971489,Aww peyton is like half way bent over to hear the reporter :p #colts
2010-10-17 23:43:12,40.753687,-73.969432,@vogueandcoffee he's mine! Hehe ;)
2010-10-18 17:45:05,40.755033,-73.971489,@Verifieddata eggplant lasagna
2010-10-18 17:45:22,40.755033,-73.971489,@kerbiegirl Aw that sucks
2010-10-18 20:00:10,40.755033,-73.971489,@watermoolen such a fierce fashionista!
2010-10-18 20:02:54,40.755033,-73.971489,Badass move Casey! #chuck
2010-10-18 20:15:41,40.755033,-73.971489,Yes "dead man's party" for Casey's faux funeral lmao #chuck
2010-10-18 20:18:22,40.755033,-73.971489,Morgan is eulogizing the hell out of case hehe #Chuck
2010-10-18 20:21:51,40.755033,-73.971489,@Quelindaglam love cano!
2010-10-18 20:27:11,40.755033,-73.971489,Shave your flavor saver cliff lee yeesh #yankees
2010-10-18 20:50:48,40.755033,-73.971489,Ichatting with the fam... interrupting my tv
2010-10-18 21:25:16,40.754360,-73.970461,Woo cliff lee walks teixiera! #yankees
2010-10-18 21:26:44,40.755033,-73.971489,@faythjonez good? Bad?
2010-10-18 21:29:31,40.755033,-73.971489,@faythjonez haha no willow smith's video :p
2010-10-18 21:31:10,40.755033,-73.971489,Somebody's on the field? #yankees
2010-10-18 21:31:33,40.755033,-73.971489,Show the streaker! Haha #yankees
2010-10-18 21:32:14,40.755033,-73.971489,@allyinwondrland lmao oh housewives
2010-10-18 21:34:05,40.755033,-73.971489,@RobzTX1 haha so awkward to jus have to stare at a confused batter
2010-10-18 21:45:13,40.755033,-73.971489,@faythjonez oh phew I loved the video too! I whip my hair back and forth :p
2010-10-18 21:49:13,40.755033,-73.971489,@midtowngirl its your birthday?!?!
2010-10-18 21:53:26,40.755033,-73.971489,@allyinwondrland haha no I'm watching the yankees :)
2010-10-18 21:58:44,40.755033,-73.971489,@faythjonez hehe I was just talking to crystal (@watermoolen) about how I want willow's hair and nails in the video!
2010-10-18 22:01:17,40.755033,-73.971489,Time for #castle!
2010-10-18 22:03:24,40.755033,-73.971489,@RobzTX1 haha I'm flipping :p
2010-10-18 22:20:03,40.755033,-73.971489,@fashionxcourt yes bad idea!
2010-10-18 22:31:39,40.754360,-73.970461,@midtowngirl aww happy birthday beautiful!!!!
2010-10-18 23:00:41,40.754360,-73.970461,Always love Beckett's little remarks to #castle :)
2010-10-19 09:55:19,40.753687,-73.969432,@charitychicks ok will!
2010-10-19 13:53:12,40.754275,-73.970226,@Shoshi its delicious :) I'm obsessed with anything pomgranate
2010-10-19 19:40:14,40.755033,-73.971489,@raymondsmalley haha no I'm not paying people pssh
2010-10-19 19:40:32,40.755033,-73.971489,@PissedFromNJ haha ok cool
2010-10-19 20:06:17,40.755033,-73.971489,@faythjonez you watching the #yankees tonight?
2010-10-19 20:08:24,40.754128,-73.970028,@LoveBrownSugar you know its a repeat right...? #glee
2010-10-19 20:09:28,40.755033,-73.971489,@FrankDymond haha let's hope!
2010-10-19 20:09:49,40.755033,-73.971489,Yey cervelli is catching :) #yankees
2010-10-19 20:11:34,40.753895,-73.969594,3 and out inning for aj burnett! Thank goodness! #yankees
2010-10-19 20:12:45,40.755033,-73.971489,@LoveBrownSugar haha yes it is :p next week is the rocky horror picture show episode
2010-10-19 20:13:27,40.755033,-73.971489,@PissedFromNJ leave cervelli alone!
2010-10-19 20:14:44,40.755033,-73.971489,@LoveBrownSugar hehe well enjoy :) #glee
2010-10-19 20:17:31,40.755033,-73.971489,@PissedFromNJ he got a concussion jeez don't be mad I'd share my lasagna with him :)
2010-10-19 20:18:51,40.754360,-73.970461,@watermoolen isn't it?! Did u see the sesame street version?
2010-10-19 20:20:19,40.753895,-73.969594,@watermoolen it was on lovelyish earlier :) hop on the willow train!
2010-10-19 20:22:38,40.755033,-73.971489,@fashionxcourt are you on benadryl? Lmao
2010-10-19 20:24:01,40.753895,-73.969594,I really wanna know what skincare products nelson Cruz used #prettyboy
2010-10-19 20:26:01,40.753895,-73.969594,@fashionxcourt madness :p
2010-10-19 20:28:29,40.755033,-73.971489,@vogueandcoffee yes he is! Woo! #yankees
2010-10-19 20:30:53,40.755033,-73.971489,@vogueandcoffee alright let's not get ahead of ourselves lmao
2010-10-19 20:34:18,40.752758,-73.967700,No interference! Cano with a homer! #yankees
2010-10-19 20:36:42,40.755033,-73.971489,@vogueandcoffee you got your wish :) #Yankees
2010-10-19 20:38:25,40.755033,-73.971489,Wow lance berkman with a homer now! #yankees
2010-10-19 20:41:08,40.753687,-73.969432,@kerbiegirl well they are reviewing currently 2-0 but may be 1-0
2010-10-19 20:41:29,40.754275,-73.970226,@faythjonez I'll give the refs that one....
2010-10-19 20:41:57,40.752758,-73.967700,@vogueandcoffee foul unfortunately :(
2010-10-19 20:42:16,40.753895,-73.969594,Do it again berkman! #yankees
2010-10-19 20:43:52,40.752758,-73.967700,@faythjonez haha sorry... its true :/
2010-10-19 20:44:57,40.755033,-73.971489,@habituallychic haha I don't know why its only on tbs so all the stations shouldn't be off :/
2010-10-19 20:47:48,40.755033,-73.971489,Wow they really had to make a commercial about the speed limit in the city? #nyc
2010-10-19 20:50:22,40.755033,-73.971489,@Shoshi yey! #iheartnyc
2010-10-19 20:51:58,40.755033,-73.971489,Uh oh aj is falling apart :/ #yankees
2010-10-19 20:54:55,40.753687,-73.969432,@Shoshi I hope not! It's do or die! #yankees
2010-10-19 20:57:14,40.754360,-73.970461,Dammit rangers up 2-1 :( #yankees
2010-10-19 20:59:02,40.753687,-73.969432,@watermoolen haha I wasn't around when it was on :p
2010-10-19 21:01:51,40.753687,-73.969432,@spoken_heart let's go #yankees!
2010-10-19 21:03:58,40.754360,-73.970461,@kerbiegirl haha ssh he'll get it back! Or maybe I can see joba :)
2010-10-19 21:05:24,40.755033,-73.971489,Go jeter! #yankees
2010-10-19 21:06:47,40.753687,-73.969432,Tied game baby! #yankees
2010-10-19 21:15:15,40.754584,-73.970803,@PissedFromNJ epulets.... and those are awesome!
2010-10-19 23:38:12,40.754584,-73.970803,@fashionxcourt pssh loser
2010-10-19 23:38:54,40.754360,-73.970461,Let's get something going here in the 9th #yankees
2010-10-19 23:41:48,40.754584,-73.970803,Great job this series @joba_62! #yankees
2010-10-19 23:43:57,40.755033,-73.971489,A home run could tie it up! #yankees
2010-10-19 23:48:12,40.753687,-73.969432,That totally hit swisher! #yankees
2010-10-19 23:51:10,40.755033,-73.971489,Ugh #yankees are down this series 3-1 #fail
2010-10-20 12:39:54,40.755421,-73.967973,Why is twitter acting up?!
2010-10-20 12:40:28,40.754080,-73.968022,Wearing purple for #spiritday!
2010-10-20 13:19:10,40.755033,-73.971489,This #LiveCocoCam is lame so far...
2010-10-20 16:24:50,40.753826,-73.969540,Let's go #yankees
2010-10-20 16:35:46,40.755033,-73.971489,@thelovely20s haha thanks :)
2010-10-20 16:45:04,40.755033,-73.971489,A-rod safe for #yankees first run!!!
2010-10-20 16:46:23,40.755033,-73.971489,A-rod safe for #yankees first run! Woo!
2010-10-20 16:47:46,40.753516,-73.968963,Yes!!! Looking good for the #yankees today :)
2010-10-20 17:08:26,40.755033,-73.971489,Home run swisher! #yankees
2010-10-20 18:41:42,40.755033,-73.971489,@faythjonez are u home yet?
2010-10-20 18:45:27,40.755033,-73.971489,Ahh 8 days and I'll be in Vegas! I really need to start thinking about what to pack
2010-10-20 18:56:31,40.755033,-73.971489,That was an ugly pitch #yankees
2010-10-20 19:04:37,40.755033,-73.971489,Why didn't the #yankees play like this last night?
2010-10-20 19:07:38,40.752758,-73.967700,@lalalandvintage haha thanks... got bring my Halloween costume! #Vegas
2010-10-20 19:15:10,40.755033,-73.971489,Aww man just fouled! #yankees
2010-10-20 19:16:18,40.754360,-73.970461,Yeah, hold up your child like a trophy pssh #yankees
2010-10-20 19:17:03,40.753895,-73.969594,@SimoneGrant I'm holding out for a hero til the end of the night....
2010-10-20 19:31:41,40.755033,-73.971489,What are bieber fans doing at #yankees? Lmao
2010-10-20 19:34:36,40.755033,-73.971489,Still rocking the mustache... lmao
2010-10-20 19:36:17,40.755033,-73.971489,@faythjonez do u wanna take back your comment about Granderson now? :p #yankees
2010-10-20 19:41:48,40.755033,-73.971489,@hollymadison123 coming to Vegas in a week... where should I visit?
2010-10-20 19:44:09,40.755033,-73.971489,I really don't get this librarian commercial Raymond James co.
2010-10-20 19:44:59,40.755033,-73.971489,@habituallychic Omg you lucky lady! John hamm is one handsome man
2010-10-20 19:47:05,40.755033,-73.971489,With Mario pitching I'm gunna go with #Yankees win!
2010-10-20 19:51:36,40.755033,-73.971489,@raymondsmalley lmao twartner in crime... interesting
2010-10-20 19:56:22,40.755033,-73.971489,Ok can we play like that in Texas #yankees? Please!
2010-10-20 19:57:44,40.755033,-73.971489,Lmao love @Nickswisher's response "thanks for bringing that up" #Yankees
2010-10-20 21:08:19,40.754360,-73.970461,@raymondsmalley haha you know I don't drink.... um why do u hope we talk in Vegas?
2010-10-20 21:08:34,40.755033,-73.971489,#modernfamily
2010-10-20 21:14:18,40.755033,-73.971489,Lmao manny sipping cappuccino #modernfamily
2010-10-20 21:27:02,40.755033,-73.971489,Lmao love their interview at the pre-school #modernfamily
2010-10-21 10:55:02,40.756408,-73.966235,@kerbiegirl lmao ur mom is silly
2010-10-21 12:09:49,40.754128,-73.970028,Omg the puppet on the #LiveCocoCam did a goulet impression! Lmao!
2010-10-21 12:23:38,40.757156,-73.966515,Grand finale coming up on the #LiveCocoCam
2010-10-21 13:46:04,40.755033,-73.971489,@jennsueb haha but Jen aniston posed on the cover of gq in just a tie
2010-10-21 15:46:27,40.755033,-73.971489,@vogueandcoffee you're coming to nyc?!
2010-10-21 16:39:17,40.755033,-73.971489,My new kitchen table :) I assembled myself! http://twitpic.com/2zl6vl
2010-10-21 16:40:59,40.752758,-73.967700,@fashionxcourt haha ur going as Kim k?
2010-10-21 17:15:30,40.755033,-73.971489,@EnglishTwit123 haha it wasn't a complete DIY. I had to put the legs on :p
2010-10-21 17:16:00,40.753516,-73.968963,@aquaheart thanks! I quite like it :)
2010-10-21 20:48:57,40.753895,-73.969594,It's the #jerseyshore finale tonight :(
2010-10-21 22:07:07,40.753895,-73.969594,Ramona is always standing poor vinny up :( #jerseyshore
2010-10-21 22:16:30,40.753826,-73.969540,Don't fight with Pauly! #jerseyshore
2010-10-21 22:25:20,40.752758,-73.967700,Of course the situation hooks up with the hoes Eww #jerseyshore
2010-10-21 22:54:43,40.755033,-73.971489,@PissedFromNJ no I said of course... not "oh I'm shocked"
2010-10-21 23:10:11,40.755033,-73.971489,@RobzTX1 for the season
2010-10-22 11:00:38,40.756095,-73.969002,@PissedFromNJ its Brooklyn... they might be bias
2010-10-22 11:36:35,40.755033,-73.971489,@kerbiegirl no #ff
2010-10-22 12:02:00,40.754360,-73.970461,@kerbiegirl ok cuz they didn't show up linked so jus making sure they went through :)
2010-10-22 12:36:33,40.753770,-73.969497,Holy fuck I think cab drivers are having a contest for who can hold their horn the longest! Wtf
2010-10-22 13:03:26,40.755033,-73.971489,@FrankDymond thanks for the #ff. Go yankees tonight!
2010-10-22 14:14:34,40.757876,-73.969379,I'm at Crumbs Bake Shop (880 3rd Ave., btw 53rd & 54th, New York). http://4sq.com/74r4GW
2010-10-22 14:15:28,40.757978,-73.969836,Getting danielle's birthday cupcake!
2010-10-22 14:36:47,40.757337,-73.977671,I'm at Sephora (597 5th Avenue, btw 48th & 49th, New York). http://4sq.com/5C7hW3
2010-10-22 14:39:29,40.758797,-73.977107,@kerbiegirl haha what am I delivering?
2010-10-22 14:40:20,40.757583,-73.977439,@PissedFromNJ just walked by.your favorite place :)
2010-10-22 15:14:41,40.704780,-73.981806,Talking about nails on the subway
2010-10-22 15:26:40,40.684459,-73.977536,@PissedFromNJ why am I on the short list??
2010-10-22 15:27:17,40.684422,-73.977674,I'm at Target (139 Flatbush Ave, at Atlantic Ave, Brooklyn). http://4sq.com/loRvK
2010-10-22 15:35:24,40.683158,-73.974597,I know @fashionxcourt is jealous :p
2010-10-22 15:37:57,40.684299,-73.977923,@PissedFromNJ why not quick? Pssh
2010-10-22 15:56:03,40.683158,-73.974597,@PissedFromNJ you took up characters with 'quick list' just say ff. Why are we having 2 convos right now haha
2010-10-22 16:33:15,40.635777,-73.997663,@fashionxcourt of me going to Target :p
2010-10-22 17:11:08,40.617042,-74.001919,@kerbiegirl oh hehe sorry
2010-10-22 17:48:02,40.617042,-74.001919,Danielle's insane nail polish collection haha http://twitpic.com/2zw40f
2010-10-22 19:51:33,40.617042,-74.001919,Is there a rain delay? #yankees
2010-10-22 20:09:34,40.618617,-74.004102,Let's go #yankees!
2010-10-22 21:03:33,40.622308,-73.997182,Got a strike!
2010-10-22 21:10:30,40.623346,-73.993823,@JTShoemaker is pettitte in the line up?
2010-10-22 21:28:14,40.622308,-73.997182,@JTShoemaker yes I know but who is the line up?
2010-10-22 21:51:35,40.622308,-73.997182,Got a 96 for the first game and winner! :) I rule st bowling
2010-10-22 21:51:48,40.622308,-73.997182,At*
2010-10-23 13:34:04,40.755033,-73.971489,Oh man there's a reason Kim only  goes out like once a year... she's an old lady. #feelinglikedeath
2010-10-23 13:42:52,40.755033,-73.971489,@watermoolen haha no me Kim :p went out for a friend's birthday and man am I tired
2010-10-23 13:44:21,40.755033,-73.971489,@SarahMShaker haha thanks
2010-10-24 11:23:17,40.754360,-73.970461,I don't think milk duds count as breakfast
2010-10-24 13:04:10,40.745954,-73.977286,Are you ready for some football?!
2010-10-24 13:11:51,40.745913,-73.977569,I'm at Joshua Tree (513 Third Ave, at 34th St, New York). http://4sq.com/8Ahdfj
2010-10-24 14:02:03,40.745076,-73.979585,This #saints #browns game is interesting.... did not think the browns would be leading
2010-10-24 14:21:14,40.746664,-73.975640,Wow buffalo leading Baltimore by 14 #colormesurprised
2010-10-24 14:29:55,40.745788,-73.977610,Wow nice play #browns haha
2010-10-24 14:56:34,40.745266,-73.977040,Theres a dumbass in a turtleneck at the bar... lame
2010-10-24 15:05:17,40.745923,-73.977633,Aww poor yard marker guy :( #saints
2010-10-24 15:18:40,40.745266,-73.977040,Bengals coming back! #NFL
2010-10-24 15:19:23,40.745965,-73.976340,@beauty411 I use seventh generation soap
2010-10-24 15:59:52,40.745171,-73.978313,Big man with the pick running it in for a touchdown! #browns shutting out the #saints
2010-10-24 16:21:56,40.746429,-73.978878,Incredible game #buffalo
2010-10-24 16:31:47,40.745578,-73.977510,Lots of upsets now raiders come out 14-0 #NFL
2010-10-24 16:32:43,40.745076,-73.979585,@SaveOurShoes I would love another Sunday!
2010-10-24 16:45:22,40.745266,-73.977040,@SoPrup madness! Haha #raiders
2010-10-24 16:54:31,40.745965,-73.976340,@stripesnsequins sounds cute :)
2010-10-24 17:07:49,40.745972,-73.977636,@SaveOurShoes hehe fabulous!
2010-10-24 17:09:49,40.745953,-73.977484,@thesportsfan30 great pick! #raiders
2010-10-24 17:49:22,40.745870,-73.977613,My slightly buzzed brother is singing Justin bieber lmao
2010-10-24 18:18:13,40.751053,-73.975097,Beautiful night in the city :)
2010-10-25 15:00:03,40.753687,-73.969432,@fashionxcourt my sister may give you a run for your money with Target trips haha
2010-10-25 20:02:17,40.755033,-73.971489,@FashionweekNYC I will! Doesn't Taylor momsen return? #gossipgirl
2010-10-25 20:03:26,40.755033,-73.971489,@Deliverydotcom hmm that's tough... Mario manningham #giants
2010-10-25 20:04:02,40.755033,-73.971489,#chuck's mom!
2010-10-25 20:12:58,40.753895,-73.969594,#chuck just showed a clip from nosferatu... reason 78 I love this show!
2010-10-25 20:21:04,40.755033,-73.971489,@kageonirving I can't stop eating Halloween candy either!
2010-10-25 20:34:09,40.754360,-73.970461,Lets go #giants!
2010-10-25 20:44:35,40.755033,-73.971489,Thank you bradshaw for finally tackling him! Awful start #giants
2010-10-25 20:46:08,40.755033,-73.971489,Fuck cowboys take advantage of interception and score first :(
2010-10-25 20:51:36,40.755033,-73.971489,Another interception!!!! #giants fuuuck
2010-10-25 20:52:08,40.755033,-73.971489,Stop throwing to nicks eli! #giants
2010-10-25 20:52:48,40.754275,-73.970226,@BettyBuzz giants but damn they are awful tonight. Switching to gossip girl
2010-10-25 20:59:16,40.755033,-73.971489,Omg they ripped #Chuck's mom away!
2010-10-25 21:00:57,40.755033,-73.971489,Awful start for the #giants... switching over to #gossipgirl
2010-10-25 21:02:27,40.753895,-73.969594,Omg love Blair's look! #gossipgirl
2010-10-25 21:03:15,40.754360,-73.970461,@LOCKandMANE loved Blair's retro look in her nightmare :) #gossipgirl
2010-10-25 21:05:43,40.755033,-73.971489,Lmao nate and Juliet meet at jail #gossipgirl
2010-10-25 21:06:48,40.755033,-73.971489,@LOCKandMANE only she would look that fabulous in her nightmares #gossipgirl
2010-10-25 21:07:14,40.755033,-73.971489,Nooo Jenny Humphrey! Love the horror music #gossipgirl
2010-10-25 21:08:09,40.753895,-73.969594,@SarahMShaker she really is! #gossipgirl
2010-10-25 21:09:03,40.753895,-73.969594,@faythjonez haha sorry I'm an awful spoiler of tv shows just ask @fashionxcourt
2010-10-25 21:11:33,40.755033,-73.971489,Hope Tim gunn puts fugly Jenny Humphrey on her place! #gossipgirl
2010-10-25 21:28:27,40.755033,-73.971489,TIM gunn! #gossipgirl
2010-10-25 21:31:58,40.753895,-73.969594,@NYCsidewalker I'm dressing up as a classy snooki haha #Halloween
2010-10-25 21:32:53,40.753895,-73.969594,Little j is the perfect pawn in Blair's and Chuck's war! #gossipgirl
2010-10-25 21:33:28,40.753895,-73.969594,Fuck Jacobs fumbles... 3rd turnover for #giants!!!!!
2010-10-25 21:41:50,40.752758,-73.967700,Eww Jenny! You have no shame! #gossipgirl
2010-10-25 21:46:01,40.752758,-73.967700,Yes #giants focus in your running game ugh
2010-10-25 21:50:58,40.755033,-73.971489,Goodbye Jenny Humphrey! Ugh #gossipgirl
2010-10-25 21:52:42,40.755033,-73.971489,Tony romo is out so can we please win #giants
2010-10-25 21:54:14,40.755033,-73.971489,Strap your helmet on properly Steve smith! #giants
2010-10-25 21:54:42,40.755033,-73.971489,@fashionxcourt what?! Want...
2010-10-25 21:57:02,40.755033,-73.971489,Perfect sing for Chuck and Blair #gossipgirl
2010-10-25 21:57:21,40.755033,-73.971489,Song** #gg
2010-10-25 21:57:49,40.755033,-73.971489,@LOCKandMANE I know please!
2010-10-25 21:58:45,40.755033,-73.971489,What?! Professor and Juliet?! #gossipgirl
2010-10-25 21:59:59,40.753687,-73.969432,Oh man sexy preview for next week's #gossipgirl
2010-10-25 22:01:10,40.755033,-73.971489,Now time for #castle :)
2010-10-25 22:10:01,40.755033,-73.971489,Love you Steve smith! #giants
2010-10-25 22:11:13,40.755033,-73.971489,When is Beckett going to dress hot on #castle? Haha been too long!
2010-10-25 22:22:33,40.755033,-73.971489,Love #castle's "writer" bullet proof vest
2010-10-25 22:38:00,40.755033,-73.971489,Did Morgan freeman just announce #mnf? Haha
2010-10-25 22:40:25,40.755033,-73.971489,@H18 Omg how did you get a 212 number?! #jealous
2010-10-25 22:47:20,40.755033,-73.971489,Touchdown manningham! #giants :) Kim is happy again
2010-10-25 22:52:10,40.755033,-73.971489,#castle always solves it!
2010-10-25 23:00:15,40.755033,-73.971489,Yes next week Beckett in lingerie! #castle
2010-10-25 23:01:10,40.755033,-73.971489,@CeceBrown I really liked it... selita ebanks is beautiful
2010-10-26 09:22:21,40.753895,-73.969594,@faythjonez oh I hate little j too!
2010-10-26 14:03:31,40.757018,-73.967288,I'm at Primavera Pizza & Pasta (1005 2 Avenue, at 53rd St, New York). http://4sq.com/99wYIE
2010-10-26 14:04:20,40.756828,-73.967016,Lunch with @biancaelder... I'm a cheap date :)
2010-10-26 15:17:18,40.772626,-73.958488,I'm at National Jean Company (1335 Third Avenue, 76th & 77th, New York). http://4sq.com/cXkVLU
2010-10-26 15:30:33,40.770647,-73.959935,I'm at Scoop UES (1275 3rd ave, 73rd, New York). http://4sq.com/bDEnF9
2010-10-26 16:22:49,40.754919,-73.968517,I'm at Starbucks (943 2nd Ave, at E 50th, New York). http://4sq.com/7cszyh
2010-10-26 16:29:19,40.755894,-73.967370,I'm at Gulluoglu Baklava Cafe (982 2nd Ave, New York). http://4sq.com/c76YFL
2010-10-26 17:08:15,40.755796,-73.967879,I'm at Food Emporium (969 2nd Ave, 51st St, New York). http://4sq.com/9sb2sl
2010-10-26 19:56:32,40.755033,-73.971489,Folding laundry and watching #glee!
2010-10-26 20:09:47,40.755139,-73.971539,Meatloaf?! #glee
2010-10-26 20:18:06,40.755139,-73.971539,@WGsShoeCloset haha its so bizarre
2010-10-26 20:18:35,40.755139,-73.971539,Interesting theory on internet porn there artie #glee
2010-10-26 20:25:56,40.755139,-73.971539,Jon stamos as a tranny #bestepisodeofGleeEVER!
2010-10-26 20:29:31,40.755139,-73.971539,@faythjonez AW stamos isn't going to wear the corset :(
2010-10-26 20:30:36,40.753948,-73.969619,Lmao so true! RT @faythjonez apparently @kimberleevdw and I have the same tastes in everything except men
2010-10-26 20:30:50,40.755139,-73.971539,@watermoolen Aw is the contest over?
2010-10-26 20:34:17,40.755139,-73.971539,Mercedes is rocking that leather outfit #glee
2010-10-26 20:35:05,40.755139,-73.971539,@faythjonez lmao muffin top legs #haventheardthatone
2010-10-26 20:37:45,40.755139,-73.971539,Theres too many character changes #glee
2010-10-26 20:39:28,40.755139,-73.971539,Eating @fashionxcourt's recipe for cinnamon pita chips #yum
2010-10-26 20:40:46,40.752758,-73.967700,Nice move Mr. Schuester #glee
2010-10-26 20:47:39,40.753687,-73.969432,Those aren't tighty whities Finn #glee
2010-10-26 20:51:11,40.755139,-73.971539,@Shoshi he did not age!
2010-10-26 20:56:57,40.755139,-73.971539,Time warp! #glee
2010-10-26 21:00:55,40.755139,-73.971539,Aww #glee is over :(
2010-10-27 09:38:18,40.755139,-73.971539,@watermoolen ok I'll keep voting!
2010-10-27 09:39:04,40.755139,-73.971539,@fashionxcourt lmao pita chips for breakfast.... you have an addiction
2010-10-27 13:11:17,40.753295,-73.969158,Change of plans
2010-10-27 14:18:23,40.753300,-73.987837,I'm at Harrie's Cafe & Bakery (1407 Broadway, btw 38th & 39th, New York). http://4sq.com/83hlV4
2010-10-27 14:19:56,40.752620,-73.986321,Lunch with birthday girl #2
2010-10-27 15:49:55,40.754381,-73.972499,Walked home in the rain... not fun
2010-10-27 19:06:06,40.755139,-73.971539,Pumpkin ravioli for dinner :)
2010-10-27 21:08:06,40.755139,-73.971539,Lmao I would totally be like Claire about Halloween #modernfamily I'm serious about it :p
2010-10-27 21:43:49,40.755139,-73.971539,I have to bring a gift to leave on the alter for dia de los muertes... hmm
2010-10-27 22:04:25,40.753933,-73.969580,@RobzTX1 haha I dunno my bf said we're going to a dia de los muertes party and I'll need to leave something...
2010-10-27 22:05:06,40.755139,-73.971539,#southpark :) love cartman coon
2010-10-27 22:07:01,40.755139,-73.971539,@RobzTX1 haha at his college...
2010-10-27 22:15:00,40.755139,-73.971539,@raymondsmalley Eww I just saw the lebron Nike commercial
2010-10-27 22:15:28,40.755139,-73.971539,@RobzTX1 I'll see if that's allowed :p
2010-10-27 22:57:39,40.755139,-73.971539,Obama on the #dailyshow!
2010-10-27 23:01:15,40.755139,-73.971539,Haha fancy white house desk Jon stewart #dailyshow
2010-10-27 23:01:36,40.755139,-73.971539,Wow Obama is out early! #dailyshow
2010-10-27 23:06:17,40.755139,-73.971539,Two intelligent, well spoken men in suits #thisismyporn lmao #dailyshow
2010-10-27 23:22:20,40.755139,-73.971539,@raymondsmalley I'm going to bed soon homey
2010-10-27 23:26:35,40.755139,-73.971539,@raymondsmalley why?! I have so much to tell you haha
2010-10-27 23:30:48,40.755139,-73.971539,Is there no colbert?
2010-10-27 23:31:19,40.755139,-73.971539,@PissedFromNJ ur tweeting urself...
2010-10-27 23:33:39,40.755139,-73.971539,Great discussion!,#dailyshow
2010-10-28 08:28:12,40.755139,-73.971539,@realmagicdj um that's because i was trying to sleep, gotta get up early
2010-10-28 09:52:44,40.755139,-73.971539,@kerbiegirl haha thank you for RTing ;-
2010-10-28 11:02:46,40.645122,-73.783493,I'm at John F Kennedy International Airport (JFK) ? (JFK International Airport, at Van Wyck Expy, Queens) w/ 24 others
2010-11-01 12:24:19,40.638818,-73.788481,Landed!
2010-11-01 12:24:55,40.645122,-73.783493,I'm at John F Kennedy International Airport (JFK) ? (JFK International Airport, at Van Wyck Expy, Queens) w/ 46 others
2010-11-01 21:01:13,40.752727,-73.967621,#gossipgirl!
2010-11-01 21:16:33,40.752727,-73.967621,That is so not his cleaning lady #gossipgirl
2010-11-01 21:19:43,40.753531,-73.968927,Love chuck and Blair! Why can't they be back together :(
2010-11-01 21:42:38,40.755139,-73.971539,Lmao Rachel zoe on #gossipgirl
2010-11-01 21:58:54,40.755139,-73.971539,Finally!!!! #gossipgirl
2010-11-01 22:00:45,40.755139,-73.971539,@allyinwondrland haha I love the preview for the next episode :p #gossipgirl
2010-11-01 22:01:36,40.755139,-73.971539,Woo moving on from the steamy #gossipgirl to #castle
2010-11-01 23:06:32,40.755139,-73.971539,@allyinwondrland hehe I love chuck & Blair :) castle is a cop drama on abc after dwts
2010-11-01 23:09:39,40.755139,-73.971539,That's the first time Bill Clinton talked anyone out of three way haha  #dailyshow
2010-11-01 23:27:32,40.755139,-73.971539,I just wanna curl up in zach galifianikis's beard
2010-11-01 23:29:05,40.754217,-73.970349,Glad the Sf #giants won the world series :)
2010-11-02 12:12:07,40.754002,-73.970520,The voting guy told me I'm beautiful hehe
2010-11-02 12:23:20,40.752560,-73.968678,I'm at Voting at HOLY FAMILY CHURCH (315 East 47TH St, New York City). http://4sq.com/dxXdlQ
2010-11-02 12:48:10,40.760744,-73.960834,I'm at Bed Bath & Beyond (410 East 61st Street, 1st Avenue, New York). http://4sq.com/4x8o7z
2010-11-02 13:21:51,40.758935,-73.962441,I'm at Orchard House Cafe (1064 1st ave., 58th st., New York). http://4sq.com/4E3g8u
2010-11-02 13:22:08,40.759007,-73.962468,Mmm hot coco
2010-11-02 20:01:51,40.755139,-73.971539,What #glee is a repeat?
2010-11-02 20:10:13,40.755139,-73.971539,@SarahMShaker didn't get the memo :(
2010-11-03 14:19:38,40.737582,-73.990116,I'm at goodburger (870 Broadway, E 18th St, New York). http://4sq.com/6wjzzT
2010-11-03 15:50:06,40.734694,-73.990546,I'm at Nordstrom Rack (60 E 14th St, btw Broadway & 4th Ave, New York). http://4sq.com/bDsQLZ
2010-11-03 16:12:10,40.734657,-73.990731,I'm at Forever 21 - Union Square (4 Union Sq S, at University Pl, New York). http://4sq.com/63oZ8j
2010-11-03 16:23:24,40.736823,-73.989602,I'm at Sephora (45 E 17th St, at Union Sq E, New York). http://4sq.com/6zEYc4
2010-11-05 11:38:39,40.755139,-73.971539,@fashionxcourt lmao best tweet ever :p
2010-11-05 12:52:39,40.752727,-73.967621,@PissedFromNJ Aww I got a #ff :)
2010-11-05 14:42:43,40.755139,-73.971539,@thefatandskinny anytime :)
2010-11-05 18:00:02,40.755139,-73.971539,@watermoolen hmm its a curved brush so it could help curl lashes
2010-11-05 18:31:16,40.755139,-73.971539,@fashionxcourt pita pizza?! Do tell
2010-11-06 01:17:55,40.754741,-73.969082,Well my evening just got interesting....
2010-11-06 12:02:14,40.755233,-73.968611,I'm at Morningstar Cafe (949 2nd Ave, 51st St, New York). http://4sq.com/4watLo
2010-11-06 12:18:45,40.755836,-73.966527,Banana pancakes and hot chocolate :-)
2010-11-06 18:59:28,40.755139,-73.971539,@fashionxcourt lmao always a good thing :)
2010-11-06 21:21:59,40.730694,-73.989086,I'm at Duane Reade (46 3rd Ave, at 10th St, New York). http://4sq.com/9IRCSl
2010-11-06 21:28:59,40.731062,-73.988296,There was a girl I recognized from school on the subway. I totally should've interrupted her date :p
2010-11-06 21:37:31,40.731613,-73.988806,I'm at AMC Loews Village 7 (66 3rd Ave, at 11th St, New York) w/ 7 others. http://4sq.com/4nxxqN
2010-11-06 21:37:57,40.731487,-73.988815,Going to see due date!
2010-11-07 00:50:24,40.756324,-73.972051,@watermoolen I was kinda disappointed :(
2010-11-07 12:06:58,40.755796,-73.967879,I'm at Food Emporium (969 2nd Ave, 51st St, New York). http://4sq.com/9sb2sl
2010-11-07 12:07:40,40.755037,-73.968421,Doing some much needed grocery shopping
2010-11-07 13:18:44,40.755099,-73.968015,I'm at Blockheads (954 2nd Ave, 50/51st, New York). http://4sq.com/6nS0gx
2010-11-07 13:21:30,40.756583,-73.967535,Lunch with the bro
2010-11-07 14:15:14,40.753933,-73.969580,Dammit #jets! Don't lose to the lions!
2010-11-07 14:16:16,40.755139,-73.971539,@loveMaegan I'm watching the #jets game!
2010-11-07 14:17:52,40.755139,-73.971539,Alright let's get revenge #jets!
2010-11-07 14:22:05,40.755139,-73.971539,That was an ugly drive #jets ugh
2010-11-07 14:26:33,40.755139,-73.971539,Good job #jets defense! Now let's go offense....
2010-11-07 14:38:43,40.755139,-73.971539,Too many flags #jets! Ugh
2010-11-07 14:47:41,40.753933,-73.969580,Bullshit call! #jets
2010-11-07 14:57:06,40.753933,-73.969580,@Shoshi I'm a sucker for anything pomgranate!
2010-11-07 15:02:57,40.755139,-73.971539,@Shoshi haha thank you ;)
2010-11-07 15:09:20,40.755139,-73.971539,#jets are threatening! Woo!
2010-11-07 15:11:56,40.755139,-73.971539,@ClassnFab haha loved her "I die" what did you think about chuck & Blair?
2010-11-07 15:12:29,40.755139,-73.971539,Ugh #jets settle for a field goal
2010-11-07 15:24:33,40.755139,-73.971539,Touchdown braylon!!! #jets
2010-11-07 15:56:39,40.755139,-73.971539,Heartbreaking call on the #jets let's the lions score a touchdown :(
2010-11-07 16:08:41,40.755139,-73.971539,Nooo sanchez ;( #jets
2010-11-07 16:14:50,40.753295,-73.969158,Go #browns beating the #patriots butts!!! Love it :)
2010-11-07 16:38:37,40.755139,-73.971539,#jets need to get it together!!!
2010-11-07 16:44:40,40.755139,-73.971539,Poor communication #jets ugh!
2010-11-07 16:55:56,40.755139,-73.971539,#jets defense cant win this game for you offense!
2010-11-07 17:08:30,40.755139,-73.971539,Man #jets need to hustle! Less than 3 minutes to go
2010-11-07 17:20:06,40.755139,-73.971539,#jets get the field goal to tie the game up. We are going into over time!
2010-11-07 17:28:08,40.755139,-73.971539,Jets win!!!
2010-11-07 21:16:24,40.755139,-73.971539,I don't know what we're yelling about! #anchorman
2010-11-07 22:51:48,40.755139,-73.971539,I'm Ron burgundy? #anchorman
2010-11-08 11:34:39,40.755139,-73.971539,Wtf its the winter how is my hair getting lighter?!
2010-11-08 15:45:20,40.755139,-73.971539,Lmao my dad just called to tell me about an apartment for sale in my building. Um can you not do that?! Kinda weird :p
2010-11-08 15:55:49,40.752916,-73.968133,@RobzTX1 are you watching conan tonight?
2010-11-08 16:09:33,40.755139,-73.971539,@RobzTX1 yea lots of people are saying they're going to dvr. I don't have dvr :(
2010-11-08 16:11:35,40.752727,-73.967621,Lunch didn't seem to fill me up :( I'm hungry again!
2010-11-08 18:20:34,40.755139,-73.971539,One benefit of having elderly neighbors: you know your tv isn't the loudest one
2010-11-08 18:37:23,40.755139,-73.971539,Making sweet mashed potatoes for dinner
2010-11-08 20:15:35,40.755139,-73.971539,@fashionxcourt Aw poopie head :p
2010-11-08 22:03:07,40.755139,-73.971539,Omg this is going to be hard! :x #gossipgirl
2010-11-08 22:07:24,40.755139,-73.971539,Omg loving chuck and Blair in this episode! #gossipgirl
2010-11-08 22:10:56,40.755139,-73.971539,@Shoshi lmao chuck bass is all kinds of sexy #gossipgirl
2010-11-08 22:15:04,40.755139,-73.971539,Stop wearing plaid shirts nate! #gossipgirl
2010-11-08 22:17:08,40.755139,-73.971539,Lmao interesting theory there chuck! And hello limo driver #gossipgirl
2010-11-08 22:18:44,40.755139,-73.971539,Stop looking for sympathy Juliet! #gossipgirl
2010-11-08 22:20:59,40.755139,-73.971539,O-m-g # gossipgirl
2010-11-08 22:22:10,40.755139,-73.971539,@convixtion haha seriously at this point she's lied about everything!
2010-11-08 22:22:36,40.755139,-73.971539,@allyinwondrland yes please!
2010-11-08 22:33:15,40.755139,-73.971539,@habituallychic haha I loved that he had her robe on :p
2010-11-08 22:34:48,40.755139,-73.971539,I'm over vanessa #gossipgirl
2010-11-08 22:39:54,40.755139,-73.971539,Serena is one sexy bitch... take note matronly Juliet #gossipgirl
2010-11-08 22:42:00,40.755139,-73.971539,@thefatandskinny she's lost her freaken mind! #gossipgirl
2010-11-08 22:43:23,40.755139,-73.971539,@thefatandskinny Brooklyn is getting to her head :p lmao
2010-11-08 22:46:13,40.755139,-73.971539,@PreviouslyOwned it will be awkward if they get together since they broke up in reality
2010-11-08 22:48:09,40.755139,-73.971539,Chuck is so hot Omg! #gossipgirl
2010-11-08 22:48:34,40.755139,-73.971539,@stripesnsequins welcome to the MAC side :)
2010-11-08 22:49:46,40.755139,-73.971539,Single. White. Trash. Female lmao oh Blair #gossipgirl
2010-11-08 22:52:04,40.755139,-73.971539,@PreviouslyOwned um like a month or so ago :(
2010-11-08 22:56:44,40.755139,-73.971539,Not again Dan #gossipgirl
2010-11-08 22:59:33,40.755139,-73.971539,What?! #gossipgirl too much to say haha
2010-11-08 23:00:08,40.755139,-73.971539,@allyinwondrland loved the fire! #gossipgirl
2010-11-08 23:01:03,40.755139,-73.971539,Ok hopefully I didn't give away too many spoilers so now time for #castle
2010-11-08 23:02:13,40.755139,-73.971539,@TheRachelLeigh I loved Chuck's black collar! #gossipgirl
2010-11-08 23:02:55,40.755139,-73.971539,@FashionweekNYC: Reminder: Conan Obrien Premiers Tonight at 11pm on TBS! Who will be Watching? I will!
2010-11-08 23:04:32,40.755139,-73.971539,@allyinwondrland well they film in nyc so I guess I technically do :p
2010-11-08 23:08:47,40.755139,-73.971539,@allyinwondrland oh can't wait ;)
2010-11-08 23:09:06,40.755139,-73.971539,@RobzTX1: @KimberleeVDW #TeamCoCo tonight! Woo!
2010-11-08 23:09:39,40.755139,-73.971539,@PreviouslyOwned haha you can have him. I want me some Chuck! #gg
2010-11-08 23:11:18,40.755139,-73.971539,@vogueandcoffee: who else is thinking that Conan's return is going to crash twitter? Oh good point
2010-11-08 23:17:12,40.755139,-73.971539,Boys have shoes lmao #castle
2010-11-08 23:17:52,40.755139,-73.971539,@RobzTX1 lmao!
2010-11-08 23:18:34,40.755139,-73.971539,@caroline_paige such a great season #gossipgirl
2010-11-08 23:22:55,40.755139,-73.971539,@caroline_paige yes! But not a fan of Juliet :/
2010-11-08 23:25:01,40.755139,-73.971539,@kerbiegirl Congrats on the nyc triathlon!
2010-11-08 23:32:00,40.755139,-73.971539,@truthaboutmusic 62% is a strange approximation haha I think its higher
2010-11-08 23:41:00,40.755139,-73.971539,@truthaboutmusic yes!
2010-11-08 23:41:24,40.755139,-73.971539,@fashionxcourt what?
2010-11-08 23:50:02,40.755139,-73.971539,#castle always figures it out! :)
2010-11-08 23:50:59,40.755139,-73.971539,@jessmisener: everybody watch Conan tonight (w/ Jack White as musical guest!) in honor of cable-less me I will :)
2010-11-08 23:57:01,40.755139,-73.971539,Like Beckett's red coat #castle
2010-11-09 00:00:10,40.755139,-73.971539,Coco time!
2010-11-09 00:00:45,40.755139,-73.971539,Opening bit telling nbc to go to hell #coco
2010-11-09 00:02:06,40.755139,-73.971539,Woo Jon hamm #teamcoco
2010-11-09 00:03:06,40.755139,-73.971539,Haha love conan's clown hair #teamcoco
2010-11-09 00:04:34,40.755139,-73.971539,Loved the opening bit #teamcoco
2010-11-09 00:04:59,40.755139,-73.971539,@RobzTX1 but you're not dead yet :p
2010-11-09 00:05:47,40.755139,-73.971539,Very retro looking set dare I sat better than the thee one #teamcoco
2010-11-09 00:07:15,40.755139,-73.971539,Not sure how I like conan giving jokes on front of the desk not the curtain....#teamcoco
2010-11-09 00:08:15,40.755139,-73.971539,@truthaboutmusic lots of jokes about his nbc departure haha #teamcoco
2010-11-09 00:09:16,40.755139,-73.971539,@vogueandcoffee: I like it. RT @Fashionista622: Look at Conan all scruffy! Nice. #teamcoco sexy!
2010-11-09 00:10:15,40.755139,-73.971539,Comma Brett favre's Penis lmao #teamcoco
2010-11-09 00:11:54,40.755139,-73.971539,@hypervocal: Welcome back, Conan. New channel, same genius. Well said :)
2010-11-09 00:12:10,40.755139,-73.971539,@MercuryLoungeNY: comma brett favre's penis great line!
2010-11-09 00:14:07,40.755139,-73.971539,@rachelsklar tbs is doing great!
2010-11-09 00:14:25,40.755139,-73.971539,So far so good with conan :) #teamcoco
2010-11-09 00:18:29,40.755139,-73.971539,Aw Andy sitting down with conan :) #teamcoco
2010-11-09 00:19:36,40.755139,-73.971539,The moon moves! Haha pretty cool #teamcoco
2010-11-09 00:23:09,40.755139,-73.971539,Heart Ricky gervais :) #teamcoco
2010-11-09 00:24:13,40.755139,-73.971539,Wonder where the guests are going to walk out #teamcoco
2010-11-09 00:28:32,40.755139,-73.971539,Nutcracker lady is the first guest #conanreturns
2010-11-09 00:29:49,40.755139,-73.971539,Seth rogen! #conanreturns
2010-11-09 00:32:24,40.755139,-73.971539,@girlandthecity: For the record, I like Seth Rogen too. I would totally hang out with him. I heart him :)
2010-11-09 00:36:40,40.755139,-73.971539,Les Michele next! #conanreturns
2010-11-09 00:37:01,40.755139,-73.971539,I hate my spell check!!! Lea**
2010-11-09 00:37:38,40.755139,-73.971539,@rachelsklar guilt trips :p
2010-11-09 00:38:16,40.755139,-73.971539,@girlandthecity: @KimberleeVDW He is so cute and funny! He is! Not many ladies see his cuteness
2010-11-09 00:46:25,40.755139,-73.971539,These interviews seem short #conanreturns
2010-11-09 00:46:57,40.755139,-73.971539,@convixtion: 6 weeks until Brazil for a month for Christmas and New Years! #goinoutwithabang #bossette #cantwait Omg jealous!
2010-11-09 00:49:45,40.752727,-73.967621,@raymondsmalley what's the score? You never tell! Too many words... more numbers
2010-11-09 00:50:08,40.755139,-73.971539,Conan playing with jack white! #teamcoco
2010-11-09 00:53:49,40.755139,-73.971539,Had no idea what they were singing but looked like fun #conanreturns
2010-11-09 00:55:53,40.755139,-73.971539,@vogueandcoffee little shout out to Nashville #teamcoco
2010-11-09 00:56:27,40.755139,-73.971539,@medestruit Omg the babies are so cute!
2010-11-09 00:56:42,40.755139,-73.971539,@NYCsidewalker: Love #Conan - Hate the retro set. Really? I like it!
2010-11-09 00:57:59,40.755139,-73.971539,Jack white might be the only guy paler than conan #teamcoco
2010-11-09 00:58:44,40.755139,-73.971539,@vogueandcoffee yes he is! Great performance #teamcoco
2010-11-09 00:59:50,40.755139,-73.971539,Aww conan is over :( great show-congrats! #teamcoco
2010-11-09 01:09:03,40.753933,-73.969580,@raymondsmalley I couldn't find it on tv. Dammit the bengals lost :(
2010-11-09 12:20:52,40.755139,-73.971539,@FabKimberly I don't think you'll be disappointed :)
2010-11-09 20:53:11,40.754217,-73.970349,@TheShoeSnob Aw thanks :)
2010-11-09 20:53:53,40.754217,-73.970349,@RobzTX1 haha wanted to try it :p now my poor friend has to go out with me looking like this
2010-11-09 21:50:36,40.742921,-73.995890,@RobzTX1 I love it so does my friend :p
2010-11-09 21:52:41,40.740296,-73.993696,I'm at Boqueria Flatiron w/ @biancaelder. http://4sq.com/6t6PT3
2010-11-09 23:33:52,40.742921,-73.995890,Churros! http://twitpic.com/35h817
2010-11-11 13:02:58,40.755139,-73.971539,@RobzTX1 I canceled it cuz they said it was humorous how much they were charging
2010-11-11 14:43:01,40.755139,-73.971539,Burn notice returns tonight! And I'm probably the only one excited about this...
2010-11-11 22:02:28,40.755139,-73.971539,Or #theoffice first hehe
2010-11-11 22:04:10,40.753295,-73.969158,Lmao talking about glee on #theoffice
2010-11-11 22:17:53,40.755139,-73.971539,Aww I miss my "that's what she said" joke #theoffice
2010-11-11 23:03:34,40.755139,-73.971539,Nice view from the hospital #burnnotice
2010-11-11 23:17:13,40.755139,-73.971539,Who writes the reports? Great handwriting #burnnotice
2010-11-12 14:29:55,40.754217,-73.970349,Lunching on grilled cheese
2010-11-12 14:52:49,40.755139,-73.971539,I have such a crush on Jeff goldblum. Is that weird?
2010-11-12 15:33:46,40.755139,-73.971539,I feel like Pandora on my phone plays better music than my computer. But its the same stations....
2010-11-12 23:01:38,40.755139,-73.971539,Now watching #thesoup
2010-11-12 23:30:30,40.755139,-73.971539,@jennsueb haha love the eighties :)
2010-11-12 23:30:45,40.755139,-73.971539,#fashionpolice
2010-11-12 23:57:20,40.755139,-73.971539,Bridalplasty is going to set women back 20 years
2010-11-13 13:24:33,40.775854,-73.956697,I'm so off the grid. The pizza place I'm at isn't listed on @foursquare!
2010-11-13 15:54:18,40.773305,-73.958512,Man 3 hours for a pair of ski boots!
2010-11-13 17:43:40,40.795131,-73.932323,I'm at Target (517 E 117 St, at Pleasant Ave, New York) w/ 4 others. http://4sq.com/a1WrrF
2010-11-13 18:21:39,40.793021,-73.934346,The target in Harlem is so big! I'm glad I finally got to make a trip up here :(
2010-11-14 00:25:33,40.754335,-73.970233,@raymondsmalley thanks for listening :)
2010-11-14 09:58:40,40.755139,-73.971539,Football Sunday!
2010-11-14 14:02:17,40.752727,-73.967621,Let's go #jets!
2010-11-14 14:11:20,40.757236,-73.966474,Thank gods! Phew #jets
2010-11-14 14:51:39,40.753295,-73.969158,Touchdown! #jets
2010-11-14 15:00:59,40.753295,-73.969158,Really #jets?! Ugh
2010-11-14 15:22:54,40.752727,-73.967621,Touchdown sanchez! #jets
2010-11-14 15:46:55,40.752727,-73.967621,@raymondsmalley why aren't you reporting on your Cleveland #browns?
2010-11-14 17:14:34,40.750782,-73.971892,Holy shit some guy came out yelling bout the #jets
2010-11-14 17:18:06,40.748536,-73.973484,I'm at Dunkin Donuts (250 East 40th Street, at 2nd Ave, New York). http://4sq.com/bjeKq3
2010-11-14 17:23:04,40.748704,-73.975973,$2 hot coco at dunkins. Can't beat it
2010-11-14 17:31:45,40.745913,-73.977569,I'm at Joshua Tree (513 Third Ave, at 34th St, New York). http://4sq.com/8Ahdfj
2010-11-14 17:33:13,40.745987,-73.976284,Made it to watch the #jets to see that! Ugh
2010-11-14 17:38:52,40.745994,-73.977389,Glorious!!!!! #jets
2010-11-14 17:39:50,40.746215,-73.976088,@MercuryLoungeNY: Santonio! Woo!
2010-11-14 17:42:48,40.745814,-73.977677,Nooo #giants
2010-11-14 17:47:20,40.745302,-73.976872,I think he had it unfortunately #giants vs #cowboys
2010-11-14 17:54:38,40.746671,-73.975696,Damn u miles Austin! #giants
2010-11-14 18:15:53,40.746671,-73.975696,Omg #giants!!! Fuuuck :(
2010-11-14 18:22:07,40.746671,-73.975696,And the #giants are back to playing like the giants! Ahh!
2010-11-14 18:36:43,40.745302,-73.976872,@thesuperficial: So it really *was* Wade Phillips the whole time. #cowboys lmao
2010-11-14 18:41:25,40.746671,-73.975696,@FashionistaLab ;)
2010-11-14 19:02:40,40.746671,-73.975696,The lights went out in the stadium wtf #giants
2010-11-14 19:05:22,40.746671,-73.975696,Are you kidding me #giants?! Ahh
2010-11-14 19:22:49,40.746215,-73.976088,Millions of dollars and the #giants can't get the lights on?!
2010-11-14 19:27:08,40.744957,-73.979657,Touchdown #giants... just need 2 more *eye roll*
2010-11-14 19:27:35,40.746671,-73.975696,@raymondsmalley: Joe Buck: There was a generator that blew and you can kind of smell... No JB, thats just Jersey in the air LMAO hey!
2010-11-14 19:28:11,40.746671,-73.975696,@RobzTX1: @KimberleeVDW they forgot to pay the light bill. haha I guess so
2010-11-14 19:29:17,40.746671,-73.975696,@kerbiegirl: @KimberleeVDW they probably didn't pay their PSE&G bill - all the money was spent on the new digs yeah
2010-11-14 19:29:35,40.746671,-73.975696,Too many jersey jokes :'( #giants
2010-11-14 19:31:45,40.746671,-73.975696,Can we fire coughlin now?! Ugh #giants
2010-11-14 19:32:20,40.749141,-73.977516,@raymondsmalley I'll always have jersey in my blood :)
2010-11-14 19:35:17,40.746671,-73.975696,Damn you! #giants :(
2010-11-14 19:40:56,40.745302,-73.976872,Boss! #giants
2010-11-14 19:42:05,40.746671,-73.975696,@raymondsmalley Ewww haha
2010-11-14 19:50:09,40.746671,-73.975696,They should go for it! #giants
2010-11-14 20:00:16,40.746671,-73.975696,Grounding?! Fuck #giants
2010-11-14 20:01:58,40.745643,-73.977408,Don't hurt boss! #giants
2010-11-14 20:03:36,40.744957,-73.979657,Why did they run Jacobs?! fucking #giants
2010-11-14 20:13:09,40.746671,-73.975696,This #49ers game is more entertaining
2010-11-14 20:19:02,40.747049,-73.978587,Fuckkkk! #giants are breaking my heart
2010-11-14 20:20:09,40.745129,-73.978264,;( what is going on? #giants
2010-11-14 20:21:32,40.745814,-73.977677,@RobzTX1 the frustration I've dealt with for 20 years
2010-11-14 20:27:43,40.746671,-73.975696,@Shoshi yeah man so embarassing!
2010-11-14 20:28:08,40.746671,-73.975696,@RobzTX1 Yup, at least I got the jets :)
2010-11-14 20:47:32,40.745380,-73.978183,I'm at Blockheads (499 3rd  Avenue, at 34th, New York). http://4sq.com/5WlxGr
2010-11-14 20:51:35,40.744957,-73.979657,This is so much nicer than the one closer to my place
2010-11-15 11:37:23,40.755139,-73.971539,@fashionxcourt I do ;)
2010-11-15 12:01:13,40.755139,-73.971539,Oh man... too much jogging this morning. My legs are killing me :(
2010-11-15 16:16:25,40.755139,-73.971539,My brain is complete mush today
2010-11-15 21:05:02,40.752727,-73.967621,Those are some sexy over the knee boots agent walker ;) #Chuck
2010-11-15 21:18:04,40.752727,-73.967621,@NYCsidewalker hehe I haven't been called kid in awhile :p thanks!
2010-11-15 21:18:35,40.753933,-73.969580,Love rob biggle on #Chuck tonight :p
2010-11-15 21:20:03,40.755139,-73.971539,@Shoshi: It's Gossip Girl night...just sayin', you know how I drool over the show..I need a Chuck Bass. ;) yes!
2010-11-15 21:20:36,40.752727,-73.967621,@allyinwondrland: #gossipgirl in 45 minutes... bring on the fashion! Masquerade ball!
2010-11-15 21:22:03,40.752727,-73.967621,@CollegeCandy: Is it time for more Chuck/Blair not-so-much-hate sex yet? Hope so!
2010-11-15 21:24:43,40.753720,-73.969439,#Chuck always looks good in a suit :)
2010-11-15 21:25:34,40.755139,-73.971539,@SimoneGrant Omg Eww haha
2010-11-15 21:28:04,40.755139,-73.971539,Operation get-a greta lmao #Chuck
2010-11-15 21:50:42,40.755139,-73.971539,@fashionxcourt: RT @whitegrlproblem: He's not a doctor, a lawyer or a prince. #whitegirlproblems haha
2010-11-15 21:51:20,40.753933,-73.969580,#gossipgirl in 10!
2010-11-15 21:59:28,40.755139,-73.971539,#Chuck always has such cliff hangers!
2010-11-15 22:00:21,40.755139,-73.971539,Now #gossipgirl!
2010-11-15 22:00:52,40.755139,-73.971539,@allyinwondrland: Just a twitter warning... #GG is coming up and I will feel the need to tweet about it. Ladies are you ready?!?! Woo!
2010-11-15 22:01:25,40.755139,-73.971539,Spoiler alert: Kim is watching #gossipgirl ;)
2010-11-15 22:02:55,40.755139,-73.971539,@Shoshi: Oh yeah #GossipGirl, let the drama and hotness begin! Woo!
2010-11-15 22:05:02,40.755139,-73.971539,Ahh Chuck and Blair :)  #gossipgirl
2010-11-15 22:05:30,40.755139,-73.971539,@StyleIT: Vanessa is useless (and so is her hairstylist) #GG haha nice!
2010-11-15 22:06:43,40.755139,-73.971539,Go serena's mom! #gg
2010-11-15 22:07:35,40.755139,-73.971539,No two dudes in love with the same girl would be best friends #gossipgirl
2010-11-15 22:09:13,40.755139,-73.971539,Eww little j's hair #gg
2010-11-15 22:09:44,40.755139,-73.971539,Too many Brooklyn jokes tonight... we get it! #gossipgirl
2010-11-15 22:14:38,40.755139,-73.971539,No don't push chuck and Blair apart! #gg
2010-11-15 22:15:17,40.755139,-73.971539,Um is vanessa forgetting Juliet screwed her over at the party a few episodes ago? #gg
2010-11-15 22:17:34,40.755139,-73.971539,@convixtion never!
2010-11-15 22:18:16,40.755139,-73.971539,This nate and Dan convo is creepy #gg
2010-11-15 22:19:52,40.755139,-73.971539,Well that dress came right off #gg haha
2010-11-15 22:20:13,40.755139,-73.971539,@shopbop: i &lt;3 B, but she needs a good wax... eyebrows and lip #GG I'm noticing the lip!
2010-11-15 22:21:35,40.755139,-73.971539,@Shoshi there he is... yum. But if I was serena I'd dump the bromance
2010-11-15 22:22:14,40.755139,-73.971539,@convixtion: Too hot for tv! #gossipgirl give me more haha
2010-11-15 22:22:47,40.755139,-73.971539,@allyinwondrland they are so hot ;) #gossipgirl
2010-11-15 22:23:21,40.755139,-73.971539,@convixtion haha!
2010-11-15 22:28:49,40.755139,-73.971539,@allyinwondrland: @KimberleeVDW Yes they are... I need to find a Chuck ;-) so do I :)
2010-11-15 22:36:30,40.754217,-73.970349,@shopbop: this axis of evil".... aka little J, big J & creepy V are not that entertaining. BORING #GG" agreed!
2010-11-15 22:36:53,40.755139,-73.971539,@Shoshi: Jennie, love your evil, but Blaire is gonna kick your ass..so get your suitcase ready...just sayin'! #GossipGirl go Blair!
2010-11-15 22:42:47,40.755139,-73.971539,Omg Chuck! #gossipgirl
2010-11-15 22:44:09,40.755139,-73.971539,I'm yelling at my tv right now! Yes! #gossipgirl
2010-11-15 22:45:38,40.755139,-73.971539,Omg good thing #gg took a commercial break... I need to digest!
2010-11-15 22:48:31,40.755139,-73.971539,@fashionxcourt: If I wasn't pregnant, I'd punch you" keep it classy my big friggin wedding, keep it classy" haha!
2010-11-15 22:49:42,40.755139,-73.971539,@habituallychic: At least all is well with Chuck and Blair! Awww! #gossipgirl love them!
2010-11-15 22:50:51,40.753295,-73.969158,Way to not notice black hooded Juliet! #gossipgirl
2010-11-15 22:52:59,40.755139,-73.971539,Kinda wanted to see Chuck in a mask #gg
2010-11-15 22:53:21,40.755139,-73.971539,What?! They drugged serena?! #gg
2010-11-15 22:56:34,40.755139,-73.971539,@convixtion: This is too much, and I have to wait till next week?! #gossipgirl I know!
2010-11-15 22:57:51,40.755139,-73.971539,@habituallychic yes Juliet captured serena after drugging her!
2010-11-15 22:59:25,40.755139,-73.971539,What are they going to do with her?! #gossipgirl
2010-11-15 23:00:38,40.755139,-73.971539,@fashionxcourt my meatballs will save this relationship lmao
2010-11-15 23:01:43,40.755139,-73.971539,Now #castle!
2010-11-15 23:02:10,40.755139,-73.971539,@allyinwondrland I'm so confused! #gg
2010-11-15 23:04:12,40.755139,-73.971539,@StyleIT: @KimberleeVDW oooooh me too! #castle hello fellow fan!
2010-11-15 23:04:47,40.755139,-73.971539,@habituallychic hehe breathe!
2010-11-15 23:05:30,40.755139,-73.971539,@allyinwondrland haha they need to get rid of Juliet ugh!
2010-11-15 23:05:56,40.755139,-73.971539,@StyleIT hehe its cheesy but I like it :) #castle
2010-11-15 23:07:39,40.755139,-73.971539,@StyleIT haha well #castle is a neatly wrapped gift of cheese
2010-11-15 23:09:24,40.755139,-73.971539,@StyleIT: @KimberleeVDW swiss? cheddar? Gouda? ;) #castle ooh gouda!
2010-11-15 23:09:39,40.755139,-73.971539,@allyinwondrland: @KimberleeVDW Yes, Juliet has reached her expiration date... like two Mondays ago! Agreed!
2010-11-15 23:11:42,40.755139,-73.971539,Haha #castle whistling the x-files theme song
2010-11-15 23:13:47,40.755139,-73.971539,@StyleIT: @KimberleeVDW watch yourself - alien implants are afoot! #castle love castle's theories!
2010-11-15 23:31:37,40.755139,-73.971539,What?! #castle and Beckett get abducted?
2010-11-15 23:34:48,40.755139,-73.971539,@LaurenBeautyTip one of our lovelyish readers loved it!
2010-11-15 23:37:24,40.755139,-73.971539,Is that lyle lovett? #castle
2010-11-15 23:48:04,40.755139,-73.971539,#castle shout-outs to bloggers and twitter followers! Woo!
2010-11-15 23:48:45,40.755139,-73.971539,It was the Chinese! #castle
2010-11-15 23:51:14,40.755139,-73.971539,@StyleIT: w00t w00t! RT @KimberleeVDW: #castle shout-outs to bloggers and twitter followers! Warmed my heart :)
2010-11-15 23:59:48,40.755139,-73.971539,Aww #castle is over :( we'll never know about aliens haha
2010-11-16 13:24:27,40.755089,-73.965518,Lmao I just an e-mail from my mom "this is your mother, remember me?!"
2010-11-16 16:22:07,40.755139,-73.971539,@StyleIT Omg I love chick-fil-a! I hear there is one in jersey. I have to go!
2010-11-16 19:00:54,40.753011,-73.968390,The tree outside my window is such pretty color for fall! http://twitpic.com/37gws7
2010-11-16 21:02:56,40.755139,-73.971539,Aww little #glee
2010-11-16 21:07:38,40.755139,-73.971539,English never looked so sexy ;) #glee
2010-11-16 21:11:11,40.755139,-73.971539,@Moxieinthecity: Ok. Ill say iit. I'm enjoying gwyneth on #glee me too :)
2010-11-16 21:20:02,40.755139,-73.971539,Lmao Rachel in a sars mask #glee
2010-11-16 21:20:24,40.755139,-73.971539,Animal hoarders! #glee
2010-11-16 21:23:03,40.755139,-73.971539,@Moxieinthecity yeah she has a good voice and she's a fun #glee teacher!
2010-11-16 21:24:58,40.755139,-73.971539,Don't really think #Americanidol wants to use fantasia in their commercials
2010-11-16 21:27:11,40.755139,-73.971539,Lmao love all the journey jokes :) #glee
2010-11-16 21:28:50,40.755139,-73.971539,I don't know if I'd believe your ex wife when she says "I won't kill you" #glee
2010-11-16 21:33:47,40.755139,-73.971539,Damn sue is so evil! #glee
2010-11-16 21:34:56,40.755139,-73.971539,@haveuheard1: Anyone else impressed by Gwyneth Paltrow on Glee tonight?? Yes!
2010-11-16 21:35:28,40.755139,-73.971539,@LoveBrownSugar: Gwyneth Paltrow is too cute on #glee working the legs!
2010-11-16 21:38:36,40.755139,-73.971539,Omg I wanna play "name your favorite vogue cover" with Kurt #glee
2010-11-16 21:41:39,40.755139,-73.971539,BTW berets are out- sue #glee
2010-11-16 21:42:05,40.755139,-73.971539,@BlackBook_Media: I love lamp are you watching anchorman? Haha
2010-11-16 21:42:56,40.755139,-73.971539,@midtowngirl hello #glee convert! Would love to play :)
2010-11-16 21:47:43,40.755139,-73.971539,Is Mr. Schuester gunna kiss gwennie? #glee
2010-11-16 21:49:39,40.755139,-73.971539,@midtowngirl haha yey!
2010-11-16 22:01:05,40.755139,-73.971539,Aww #glee is over but love the preview for next week!
2010-11-16 22:28:00,40.755139,-73.971539,@faythjonez haha hope I didnt ruin it for you :p
2010-11-16 22:28:27,40.755139,-73.971539,@haveuheard1: @KimberleeVDW she did an awesome job!! Yes she did :)
2010-11-17 12:57:18,40.757368,-73.971645,I'm at Staples (575 Lexington Ave, 51st St, New York). http://4sq.com/cOkj7z
2010-11-17 12:58:35,40.757893,-73.969702,Out  of ink!
2010-11-17 16:26:18,40.755139,-73.971539,Kinda forgot to eat lunch today... woopsie
2010-11-17 16:37:28,40.755266,-73.967816,@taraflanagan haha I know I'm like "why am I so hungry?" It doesn't usually happen :p
2010-11-17 19:26:55,40.755139,-73.971539,I'm loving my new combat boots! Can't stop modeling them :p http://twitpic.com/37qshh
2010-11-17 22:00:25,40.755139,-73.971539,#modernfamily :)
2010-11-17 22:02:46,40.753933,-73.969580,Love Phil's shirt lmao #modernfamily
2010-11-17 22:25:35,40.755139,-73.971539,You cheated on me with choreography. The worst kind #modernfamily
2010-11-17 23:37:34,40.754217,-73.970349,@raymondsmalley haha jersey is closer and he's my best friend!
2010-11-17 23:41:55,40.754217,-73.970349,@raymondsmalley huh?
2010-11-17 23:54:56,40.753295,-73.969158,Nickelback makes my ears bleed!!!
2010-11-18 07:51:11,40.753295,-73.969158,It really is no fun being up this early :(
2010-11-18 11:35:59,40.753720,-73.969439,Ugh I think I got bit by something I have 3 big bumps on my back :(
2010-11-18 13:27:01,40.755139,-73.971539,Lunch in union square again!
2010-11-18 15:48:20,40.742315,-73.991890,I'm at Outback Steakhouse (60 W 23rd St, btw 5th & 6th, New York). http://4sq.com/8eZPli
2010-11-18 16:05:48,40.742145,-73.992902,@watermoolen haha me too but my friend wanted to go :p
2010-11-18 19:35:48,40.756041,-73.969283,I'm at Thai 51 (221 E 51st street, New York). http://4sq.com/9l8SNu
2010-11-19 00:21:04,40.755139,-73.971539,Hooray for Friday!
2010-11-19 10:09:34,40.753295,-73.969158,I had a dream all my appliances were turned upside down. What does that mean?
2010-11-19 12:46:47,40.754217,-73.970349,@allyinwondrland its @lovelyishblog ;) but thanks!
2010-11-19 12:54:21,40.755139,-73.971539,@Shoegasm I was on my way somewhere but I would have loved to! I was like "hey I talk to them on twitter" haha
2010-11-19 15:07:18,40.753683,-73.969563,I'm at Dramatics NYC (900 2nd Ave, btw 47th & 48th St., New York). http://4sq.com/cZGhgR
2010-11-19 15:07:39,40.754825,-73.968749,Getting my winter bangs :)
2010-11-19 16:19:23,40.755139,-73.971539,It's so nice to have someone do your hair for you :)
2010-11-20 10:51:40,40.755139,-73.971539,@HiFashionSherin well its lovely ;)
2010-11-20 21:07:32,40.753933,-73.969580,Really want an Apple turnover right now
2010-11-21 14:05:22,40.755139,-73.971539,@faythjonez Aww my mom and sister married their first boyfriends so its more quality than quantity :)
2010-11-21 14:06:19,40.755139,-73.971539,@allyinwondrland haha the atl ladies are crazy! I can't keep up with all of them :p
2010-11-21 14:06:52,40.755139,-73.971539,@faythjonez Aww I'm sorry :( there's plenty of fish in the sea!
2010-11-21 14:07:10,40.755139,-73.971539,Go leinhardt! #jets
2010-11-21 14:10:20,40.755139,-73.971539,Dammit Keller! #jets go for a field goal
2010-11-21 14:11:47,40.755139,-73.971539,@eecookiesny: Bought first Christmas gift last nite xbox 360 kinect at macys.com. $399 with free shipping jealous!
2010-11-21 14:16:09,40.755139,-73.971539,@ClassnFab: What are everyone's plans for Thanksgiving week? Going to visit fam in cali. You?
2010-11-21 14:21:28,40.755139,-73.971539,Woo Holmes! #jets
2010-11-21 14:25:04,40.755139,-73.971539,3 Fs on Thanksgiving: family, food, football!
2010-11-21 14:30:49,40.755139,-73.971539,@VacationInfo: USA Today - TSA chief: 'Invasive' airport security policies here to stay http://ht.ly/1a5Cod not looking forward to it :(
2010-11-21 14:32:57,40.755139,-73.971539,Aw damn cromartie! So close! #jets
2010-11-21 14:33:56,40.755139,-73.971539,@watermoolen how's the weather in cali? I gotta start planning what I'm going to pack!
2010-11-21 14:36:13,40.755139,-73.971539,Ew sanchez is wearing a turtleneck #ohhellno #jets
2010-11-21 14:37:06,40.755139,-73.971539,Dammit texans get to the qb first! #jets
2010-11-21 14:41:36,40.755139,-73.971539,The texans have really shut down LT today :( #jets
2010-11-21 14:43:16,40.755139,-73.971539,@fashionxcourt: Microwaveable potoato chips = &lt;3 ...and so easy haha lazy!
2010-11-21 14:43:53,40.755139,-73.971539,@watermoolen Gah! I guess I'll bring one sweater and one pair of jeans.
2010-11-21 14:46:22,40.755139,-73.971539,Anyone selling a blackberry? My friend is looking for a new phone
2010-11-21 14:48:30,40.755139,-73.971539,#thingsthatshouldbeoutofstyle turtlenecks!!!!
2010-11-21 14:50:15,40.755139,-73.971539,Fuck touchdown texans :( #jets
2010-11-21 14:55:27,40.755139,-73.971539,@FabKimberly feel better!
2010-11-21 14:59:48,40.755139,-73.971539,That coulda been beautiful! #jets
2010-11-21 15:03:47,40.755139,-73.971539,#jets threatening!
2010-11-21 15:04:58,40.755139,-73.971539,Touchdown!!! #jets lead 10-3 :)
2010-11-21 15:15:33,40.755139,-73.971539,@faythjonez oh! how much?
2010-11-21 15:17:12,40.755139,-73.971539,@rainnwilson: Ignore the tweet directly under this one. Apparently that was mine :p
2010-11-21 15:18:02,40.755139,-73.971539,@faythjonez good lord! Why so much?
2010-11-21 15:19:35,40.755139,-73.971539,@kerbiegirl who?
2010-11-21 15:21:44,40.755139,-73.971539,@kerbiegirl oh lmao I was like who is she talking about :p
2010-11-21 15:22:26,40.755139,-73.971539,@faythjonez well she says she could get an iPhone for $300
2010-11-21 15:23:30,40.755139,-73.971539,@faythjonez oh ok haha
2010-11-21 15:24:55,40.755139,-73.971539,@kerbiegirl but his tweet worked out oddly to mine which I would ignore
2010-11-21 15:31:06,40.755139,-73.971539,@kerbiegirl oh really? Is it like football?
2010-11-21 15:33:05,40.755139,-73.971539,#jets lead 13-7 at halftime :)
2010-11-21 17:22:51,40.752727,-73.967621,Well after that interception peyton might be the manning brother who let's me down today :(
2010-11-21 17:25:32,40.755139,-73.971539,@IsabelleDimang: WTF is a Mark Sanchez? A really hot, talented quarterback ;)
2010-11-21 17:27:06,40.752727,-73.967621,Alright I might be turning this #colts game off soon. Don't wanna spoil my happiness from the #jets game :) still love ya peyton!
2010-11-21 17:52:17,40.755139,-73.971539,@convixtion haha I'm working on lovelyish :p
2010-11-21 18:03:25,40.755139,-73.971539,Touchdown #colts :)
2010-11-21 18:18:22,40.755139,-73.971539,Thank goodness its almost halftime! #cokts
2010-11-21 18:18:31,40.755139,-73.971539,Colts*
2010-11-21 18:30:47,40.755139,-73.971539,Yey #colts :)
2010-11-21 19:35:38,40.752727,-73.967621,Good drive #colts!
2010-11-21 20:37:29,40.755139,-73.971539,@raymondsmalley I'm not even competing with you ....
2010-11-24 08:51:20,40.645122,-73.783493,I'm at John F Kennedy International Airport (JFK) ? (JFK International Airport, at Van Wyck Expy, Queens) w/ 156 others
2010-11-24 08:52:54,40.640878,-73.788766,Waiting at the gate. Actually not too bad of a line and I didn't get felt up by a tsa employee! #tgtravel
2010-11-24 09:23:27,40.647789,-73.779296,@kerbiegirl California
2010-11-24 09:23:46,40.647789,-73.779296,@fashionxcourt: @KimberleeVDW safe travels kimbalee! :) thank ya :)
2010-11-24 09:46:02,40.647789,-73.779296,@kerbiegirl haha you were just there! Thanks :)
2010-11-27 22:40:03,40.645122,-73.783493,I'm at John F Kennedy International Airport (JFK) ? (JFK International Airport, at Van Wyck Expy, Queens) w/ 62 others
2010-11-27 22:40:20,40.637393,-73.787535,Landed!
2010-11-27 23:11:06,40.644809,-73.791101,Lmao riding in a white stretch limo back to the city :p http://twitpic.com/3avtjf
2010-11-27 23:37:45,40.747718,-73.976434,Lmao our driver is being pulled over
2010-11-27 23:51:43,40.755139,-73.971539,@RobzTX1 that was quite the trip home haha
2010-11-27 23:51:56,40.755139,-73.971539,Alas I am home :)
